id,area,reference,question,search_terms
1,Acceptance and ethics,ISA (UK) 210,"Is there a signed engagement letter for the period, with the terms of the audit agreed with those charged with governance?",engagement letter; terms of engagement; signed; letter of engagement
2,Acceptance and ethics,FRC Ethical Standard; ISA (UK) 220,"Has independence been assessed and documented, including threats (e.g. self-review from non-audit services, fees, long association) and the safeguards applied?",independence; ethical standard; threats; safeguards; non-audit services; self-review; fee dependence; long association
3,Acceptance and ethics,ISQM (UK) 1; ISA (UK) 220,Has client acceptance or continuance been assessed and approved before the audit work started?,acceptance; continuance; client take-on; approval; integrity; money laundering; KYC
4,Planning,ISA (UK) 300,"Is there an audit strategy and plan, approved by the engagement partner before fieldwork, covering scope, timing and team?",audit strategy; audit plan; planning memorandum; planning meeting; team briefing; approved
5,Planning,ISA (UK) 315,"Is there a documented understanding of the entity, its environment, the applicable financial reporting framework and its IT environment?",understanding the entity; business; industry; FRS 102; IFRS; IT environment; information system; general IT controls
6,Planning,ISA (UK) 315,"Have risks of material misstatement been identified and assessed at the financial statement and assertion levels, including significant risks and the reasons for them?",risk assessment; significant risk; risk of material misstatement; assertion; inherent risk; control risk
7,Planning,ISA (UK) 315,Has the design and implementation of controls relevant to the audit been evaluated (for example through walkthroughs)?,internal controls; design and implementation; walkthrough; control environment; controls testing
8,Planning,ISA (UK) 320,"Are materiality, performance materiality and the clearly trivial threshold documented with the benchmark and a reasoned rationale, and revisited at completion?",materiality; performance materiality; clearly trivial; benchmark; turnover; profit before tax; percentage
9,Planning,ISA (UK) 240,"Has the risk of fraud been considered, including the team discussion, the presumed risk in revenue recognition (or its rebuttal) and management override of controls?",fraud; engagement team discussion; revenue recognition; management override; presumed risk; rebuttal; fraud enquiries
10,Planning,ISA (UK) 250,Has compliance with laws and regulations relevant to the entity been considered and the procedures documented?,laws and regulations; non-compliance; regulatory; legal; compliance; licence; GDPR; money laundering
11,Planning,ISA (UK) 550,"Have related parties been identified, related party transactions tested and their disclosure checked?",related party; related parties; directors' loan; connected; transactions with directors; key management personnel
12,Planning,ISA (UK) 402; ISA (UK) 500; ISA (UK) 620,"Where the audit relies on service organisations, management's experts or auditor's experts, has their work been evaluated?",service organisation; expert; valuation report; actuary; actuarial; payroll bureau; specialist
13,Execution,ISA (UK) 330,Are the further audit procedures clearly linked to the assessed risks and do they respond to each significant risk?,response to risk; audit programme; substantive procedures; tests of control; significant risk; linked
14,Execution,ISA (UK) 240,"Has journal entry testing been performed with defined criteria, a complete population and conclusions on any unusual entries?",journal; journals; journal entry testing; manual journals; criteria; population; management override
15,Execution,ISA (UK) 530,"Are sample sizes and selection methods justified and consistent with the assessed risk and materiality, and are exceptions evaluated?",sample; sampling; sample size; selection; random; monetary unit; exceptions; projected
16,Execution,ISA (UK) 500,"Has the reliability of information produced by the entity (reports, listings) been tested for completeness and accuracy before being used?",information produced by the entity; IPE; completeness and accuracy; report; listing; reconciled
17,Execution,ISA (UK) 330; ISA (UK) 240,"Has revenue been tested for occurrence, accuracy, completeness and cut-off, consistent with the fraud risk assessment?",revenue; turnover; sales; cut-off; occurrence; completeness; contracts; deferred income
18,Execution,ISA (UK) 505; ISA (UK) 500,"Have trade receivables been tested for existence and recoverability (confirmations or after-date cash) and the bad debt provision assessed?",receivables; debtors; circularisation; confirmation; after-date cash; aged debt; bad debt provision; recoverability
19,Execution,ISA (UK) 501,"Has inventory been audited, including attendance at the stock count, cost testing, net realisable value and cut-off?",inventory; stock; stock count; stocktake; attendance; net realisable value; NRV; obsolete; costing
20,Execution,ISA (UK) 330,"Have payables and accruals been tested for completeness, including a search for unrecorded liabilities?",payables; creditors; accruals; unrecorded liabilities; post year-end payments; supplier statements; completeness
21,Execution,ISA (UK) 505,Have bank balances been confirmed directly with the banks and reconciliations agreed?,bank confirmation; bank letter; bank reconciliation; cash at bank; certificate of balance; facilities
22,Execution,ISA (UK) 500,"Have fixed assets and intangibles been tested for existence, additions, disposals, depreciation and impairment indicators?",fixed assets; tangible assets; property plant and equipment; additions; disposals; depreciation; impairment; intangible
23,Execution,ISA (UK) 540,"Have accounting estimates (provisions, impairments, useful lives, valuations) been evaluated, with management's methods and assumptions challenged?",accounting estimates; estimate; assumptions; provision; impairment; useful economic life; judgement; management bias; challenge
24,Execution,ISA (UK) 501,Have litigation and claims been identified through enquiry and legal confirmations where needed?,litigation; claims; legal letter; solicitor; contingent liability; dispute
25,Execution,ISA (UK) 330,"Have borrowings, covenants and taxation balances been audited and agreed to supporting evidence?",loans; borrowings; covenant; facility; corporation tax; deferred tax; VAT; tax computation
26,Execution,ISA (UK) 520,Have analytical procedures been performed near the end of the audit to form an overall conclusion?,analytical review; analytical procedures; final analytical; overall review; fluctuations; explanations
27,Completion,ISA (UK) 450,"Have identified misstatements been accumulated and evaluated, with a schedule of unadjusted differences reported to management and those charged with governance?",misstatements; unadjusted differences; adjustments; summary of errors; uncorrected; audit differences
28,Completion,ISA (UK) 560,Has a subsequent events review been performed up to the date of the auditor's report?,subsequent events; post balance sheet events; events after the reporting period; review up to signing
29,Completion,ISA (UK) 570,"Has going concern been assessed for at least 12 months from the date of approval of the financial statements, including challenge of forecasts and the related disclosures?",going concern; cash flow forecast; budget; 12 months; material uncertainty; headroom; sensitivity
30,Completion,ISA (UK) 580,"Is there a signed letter of representation dated on or just before the date of the auditor's report, covering the required representations?",letter of representation; management representations; written representations; representation letter
31,Completion,ISA (UK) 720,"Has the other information (directors' report, strategic report) been read for consistency with the financial statements and the auditor's knowledge?",other information; directors' report; strategic report; consistency; Companies Act
32,Completion,ISA (UK) 700; Companies Act 2006,Has a disclosure checklist or equivalent review confirmed the financial statements comply with the applicable framework and the Companies Act?,disclosure checklist; disclosures; FRS 102; compliance; notes to the financial statements; accounting policies
33,Completion,ISA (UK) 260; ISA (UK) 265,"Have matters been communicated to those charged with governance, including significant deficiencies in internal control?",those charged with governance; management letter; deficiencies; audit findings report; communication; planning letter
34,Completion,ISA (UK) 220,"Is there evidence of timely direction, supervision and review by the manager and engagement partner, before the auditor's report was signed?",review; reviewed by; sign-off; engagement partner; responsible individual; manager review; review points; cleared
35,Completion,ISQM (UK) 2; ISA (UK) 220,"Where required, was an engagement quality review completed before the date of the auditor's report?",engagement quality review; EQR; quality control review; hot review; pre-issuance review
36,Completion,ISA (UK) 230,"Is the audit documentation sufficient for an experienced auditor to understand the work, evidence and conclusions, and was the file assembled within 60 days?",conclusion; documentation; working papers; file assembly; archive; 60 days; prepared by
37,Reporting,ISA (UK) 700; ISA (UK) 705; ISA (UK) 706,"Is the auditor's report in the correct form, with an opinion supported by the evidence, any modifications or emphasis of matter appropriate, and dated after approval of the financial statements?",auditor's report; independent auditor's report; opinion; true and fair; qualified; emphasis of matter; date of report; approved by the board
